Mutacao,MediaRes,NumMedGer,BestRes,ErroMed,ErroMenor,TempoMed,TempoMenor
  0, 2298,  65, 2255, 1.91, 0.00,0.407500,0.515625
  5, 2283,  70, 2255, 1.24, 0.00,0.399218,0.609375
 10, 2280,  60, 2255, 1.11, 0.00,0.379062,0.484375
 15, 2283,  61, 2255, 1.24, 0.00,0.382343,0.343750
 20, 2283,  88, 2255, 1.24, 0.00,0.444687,0.390625
 25, 2293,  77, 2255, 1.69, 0.00,0.427343,0.390625
 30, 2314,  95, 2255, 2.62, 0.00,0.494062,0.296875
 35, 2338,  78, 2255, 3.68, 0.00,0.443281,0.312500
 40, 2387,  61, 2255, 5.85, 0.00,0.416875,0.281250
