Mutacao,MediaRes,NumMedGer,BestRes,ErroMed,ErroMenor,TempoMed,TempoMenor
  0, 2118,   5, 2088, 1.58, 0.14,0.035781,0.046875
  5, 2113,  14, 2085, 1.34, 0.00,0.040312,0.046875
 10, 2113,  21, 2085, 1.34, 0.00,0.043437,0.078125
 15, 2112,  21, 2085, 1.29, 0.00,0.043437,0.078125
 20, 2112,  29, 2085, 1.29, 0.00,0.046562,0.062500
 25, 2111,  35, 2085, 1.25, 0.00,0.048906,0.078125
 30, 2115,  41, 2085, 1.44, 0.00,0.051562,0.093750
 35, 2119,  37, 2085, 1.63, 0.00,0.050468,0.109375
 40, 2128,  33, 2088, 2.06, 0.14,0.049843,0.062500
