Mutacao,MediaRes,NumMedGer,BestRes,ErroMed,ErroMenor,TempoMed,TempoMenor
  0, 6797,  82, 6551, 7.36, 3.47,3.888750,5.421875
  5, 6717, 126, 6546, 6.10, 3.40,4.568281,6.609375
 10, 6742, 125, 6544, 6.49, 3.36,6.118125,5.234375
 15, 6779, 101, 6517, 7.08, 2.94,9.464375,13.578125
 20, 6825,  78, 6633, 7.80, 4.77,8.306562,8.296875
 25, 6849,  71, 6611, 8.18, 4.42,8.181250,13.281250
 30, 6888,  50, 6704, 8.80, 5.89,7.230937,8.546875
 35, 6912,  26, 6778, 9.18, 7.06,6.530156,9.093750
 40, 6951,  15, 6808, 9.79, 7.53,6.022343,8.703125
