Mutacao,MediaRes,NumMedGer,BestRes,ErroMed,ErroMenor,TempoMed,TempoMenor
  0, 3539,  43, 3512, 3.57, 2.78,0.113437,0.078125
  5, 3540,  41, 3512, 3.60, 2.78,0.113750,0.093750
 10, 3542,  38, 3417, 3.66, 0.00,0.116093,0.187500
 15, 3540,  42, 3417, 3.60, 0.00,0.122031,0.296875
 20, 3553,  46, 3417, 3.98, 0.00,0.127812,0.218750
 25, 3566,  47, 3417, 4.36, 0.00,0.130468,0.203125
 30, 3585,  44, 3484, 4.92, 1.96,0.133593,0.265625
 35, 3590,  45, 3417, 5.06, 0.00,0.137812,0.203125
 40, 3625,  48, 3510, 6.09, 2.72,0.141562,0.187500
