Mutacao,MediaRes,NumMedGer,BestRes,ErroMed,ErroMenor,TempoMed,TempoMenor
  0, 7402,  39, 7295, 2.15, 0.68,0.140937,0.140625
  5, 7345, 106, 7246, 1.37, 0.00,0.203281,0.187500
 10, 7339, 108, 7246, 1.28, 0.00,0.205000,0.250000
 15, 7355, 107, 7246, 1.50, 0.00,0.222968,0.406250
 20, 7372, 107, 7246, 1.74, 0.00,0.209687,0.281250
 25, 7392,  97, 7246, 2.01, 0.00,0.197812,0.250000
 30, 7415,  85, 7246, 2.33, 0.00,0.186718,0.125000
 35, 7499,  76, 7281, 3.49, 0.48,0.180312,0.343750
 40, 7561,  78, 7306, 4.35, 0.83,0.182500,0.171875
