Mutacao,MediaRes,NumMedGer,BestRes,ErroMed,ErroMenor,TempoMed,TempoMenor
  0, 1119,  22, 1101, 3.52, 1.85,0.227656,0.250000
  5, 1111,  50, 1082, 2.78, 0.09,0.287656,0.500000
 10, 1112,  65, 1082, 2.87, 0.09,0.303750,0.609375
 15, 1113,  56, 1082, 2.96, 0.09,0.284218,0.453125
 20, 1117,  65, 1082, 3.33, 0.09,0.301718,0.531250
 25, 1119,  62, 1081, 3.52, 0.00,0.298281,0.296875
 30, 1127,  59, 1083, 4.26, 0.19,0.297187,0.421875
 35, 1131,  38, 1081, 4.63, 0.00,0.262500,0.328125
 40, 1136,  19, 1082, 5.09, 0.09,0.231406,0.390625
