Mutacao,MediaRes,NumMedGer,BestRes,ErroMed,ErroMenor,TempoMed,TempoMenor
  0, 2864,  64, 2788, 2.73, 0.00,0.124062,0.218750
  5, 2834,  68, 2788, 1.65, 0.00,0.128125,0.171875
 10, 2831,  67, 2788, 1.54, 0.00,0.127656,0.187500
 15, 2829,  78, 2788, 1.47, 0.00,0.137187,0.109375
 20, 2820,  73, 2788, 1.15, 0.00,0.134375,0.140625
 25, 2831,  93, 2788, 1.54, 0.00,0.149531,0.156250
 30, 2841,  99, 2788, 1.90, 0.00,0.155000,0.156250
 35, 2840, 120, 2788, 1.87, 0.00,0.170937,0.171875
 40, 2864, 131, 2803, 2.73, 0.54,0.181718,0.171875
