Mutacao,MediaRes,NumMedGer,BestRes,ErroMed,ErroMenor,TempoMed,TempoMenor
  0, 2750,  31, 2675, 2.80, 0.00,0.043437,0.062500
  5, 2732,  50, 2675, 2.13, 0.00,0.051250,0.062500
 10, 2723,  49, 2675, 1.79, 0.00,0.049531,0.093750
 15, 2718,  58, 2675, 1.61, 0.00,0.053906,0.062500
 20, 2714,  69, 2675, 1.46, 0.00,0.056875,0.078125
 25, 2725,  59, 2675, 1.87, 0.00,0.054218,0.046875
 30, 2728,  58, 2675, 1.98, 0.00,0.054062,0.093750
 35, 2729,  67, 2675, 2.02, 0.00,0.057812,0.046875
 40, 2732,  73, 2675, 2.13, 0.00,0.059843,0.062500
