Mutacao,MediaRes,NumMedGer,BestRes,ErroMed,ErroMenor,TempoMed,TempoMenor
  0, 7972,  25, 7936, 2.45, 1.99,0.036406,0.062500
  5, 7922,  40, 7781, 1.81, 0.00,0.041250,0.062500
 10, 7922,  40, 7781, 1.81, 0.00,0.041562,0.093750
 15, 7935,  50, 7781, 1.98, 0.00,0.044687,0.078125
 20, 7937,  54, 7781, 2.00, 0.00,0.049531,0.078125
 25, 7942,  52, 7781, 2.07, 0.00,0.046093,0.062500
 30, 7947,  68, 7781, 2.13, 0.00,0.051562,0.046875
 35, 7974,  63, 7820, 2.48, 0.50,0.055781,0.046875
 40, 7986,  66, 7781, 2.63, 0.00,0.058906,0.078125
