Mutacao,MediaRes,NumMedGer,BestRes,ErroMed,ErroMenor,TempoMed,TempoMenor
  0, 3846,   2, 3846, 0.00, 0.00,0.016562,0.015625
  5, 3846,   2, 3846, 0.00, 0.00,0.015937,0.015625
 10, 3846,   3, 3846, 0.00, 0.00,0.019062,0.015625
 15, 3846,   4, 3846, 0.00, 0.00,0.016562,0.031250
 20, 3846,   6, 3846, 0.00, 0.00,0.017343,0.031250
 25, 3846,   6, 3846, 0.00, 0.00,0.019687,0.015625
 30, 3846,   7, 3846, 0.00, 0.00,0.017500,0.015625
 35, 3846,   9, 3846, 0.00, 0.00,0.017500,0.031250
 40, 3846,  11, 3846, 0.00, 0.00,0.019843,0.015625
