Mutacao,MediaRes,NumMedGer,BestRes,ErroMed,ErroMenor,TempoMed,TempoMenor
  0, 9365,   3, 9356, 0.44, 0.34,0.112812,0.109375
  5, 9355,  16, 9324, 0.33, 0.00,0.126875,0.203125
 10, 9351,  11, 9324, 0.29, 0.00,0.122500,0.140625
 15, 9349,  18, 9324, 0.27, 0.00,0.124843,0.109375
 20, 9352,  21, 9324, 0.30, 0.00,0.123906,0.171875
 25, 9353,  15, 9324, 0.31, 0.00,0.115781,0.187500
 30, 9354,  14, 9324, 0.32, 0.00,0.115312,0.187500
 35, 9358,   8, 9324, 0.36, 0.00,0.108125,0.125000
 40, 9356,  15, 9324, 0.34, 0.00,0.115312,0.187500
