Mutacao,MediaRes,NumMedGer,BestRes,ErroMed,ErroMenor,TempoMed,TempoMenor
  0, 2234,  27, 2205, 1.32, 0.00,0.049687,0.062500
  5, 2213,  35, 2205, 0.36, 0.00,0.053125,0.062500
 10, 2212,  36, 2205, 0.32, 0.00,0.053125,0.062500
 15, 2211,  41, 2205, 0.27, 0.00,0.059062,0.046875
 20, 2211,  44, 2205, 0.27, 0.00,0.059687,0.109375
 25, 2209,  54, 2205, 0.18, 0.00,0.065625,0.093750
 30, 2208,  66, 2205, 0.14, 0.00,0.071718,0.062500
 35, 2210,  77, 2205, 0.23, 0.00,0.078593,0.125000
 40, 2211,  86, 2205, 0.27, 0.00,0.083125,0.109375
