Mutacao,MediaRes,NumMedGer,BestRes,ErroMed,ErroMenor,TempoMed,TempoMenor
  0, 1937,  38, 1831, 7.67, 1.78,0.424062,0.656250
  5, 1905,  94, 1810, 5.89, 0.61,0.563437,1.015625
 10, 1913,  99, 1810, 6.34, 0.61,0.585156,0.984375
 15, 1912, 118, 1799, 6.28, 0.00,0.667812,0.906250
 20, 1921, 101, 1799, 6.78, 0.00,0.668437,2.812500
 25, 1940,  80, 1841, 7.84, 2.33,0.542031,0.781250
 30, 1955,  71, 1810, 8.67, 0.61,0.526093,0.562500
 35, 1976,  51, 1847, 9.84, 2.67,0.467031,0.640625
 40, 1996,  31, 1920,10.95, 6.73,0.410156,0.671875
