Mutacao,MediaRes,NumMedGer,BestRes,ErroMed,ErroMenor,TempoMed,TempoMenor
  0, 6847,  32, 6699,12.32, 9.89,4.507500,4.218750
  5, 6757,  88, 6287,10.84, 3.13,5.652500,11.921875
 10, 6795,  73, 6436,11.47, 5.58,5.350468,6.937500
 15, 6825,  75, 6478,11.96, 6.27,5.297812,7.921875
 20, 6868,  51, 6620,12.66, 8.60,4.720468,5.968750
 25, 6876,  56, 6495,12.80, 6.55,4.804531,8.828125
 30, 6947,  46, 6602,13.96, 8.30,4.450468,5.328125
 35, 6979,  29, 6664,14.48, 9.32,3.982500,7.453125
 40, 7037,  18, 6831,15.44,12.06,3.688437,3.843750
