Mutacao,MediaRes,NumMedGer,BestRes,ErroMed,ErroMenor,TempoMed,TempoMenor
  0, 1729,  79, 1645, 5.11, 0.00,1.047187,1.500000
  5, 1709, 126, 1645, 3.89, 0.00,1.399531,2.218750
 10, 1702, 124, 1651, 3.47, 0.36,1.325312,1.343750
 15, 1715, 136, 1645, 4.26, 0.00,1.396093,1.328125
 20, 1730, 112, 1645, 5.17, 0.00,1.268281,1.515625
 25, 1762,  89, 1673, 7.11, 1.70,1.153750,0.921875
 30, 1772,  82, 1670, 7.72, 1.52,1.150625,1.031250
 35, 1797,  56, 1682, 9.24, 2.25,0.966718,2.093750
 40, 1828,  32, 1710,11.12, 3.95,0.826406,1.140625
