Mutacao,MediaRes,NumMedGer,BestRes,ErroMed,ErroMenor,TempoMed,TempoMenor
  0, 5905,  54, 5782, 5.26, 3.07,3.193125,3.578125
  5, 5893,  87, 5645, 5.04, 0.62,3.844375,9.953125
 10, 5923,  77, 5801, 5.58, 3.40,3.754062,3.796875
 15, 5948,  57, 5753, 6.02, 2.55,3.353906,5.890625
 20, 5978,  70, 5760, 6.56, 2.67,6.726562,10.312500
 25, 6010,  74, 5826, 7.13, 3.85,8.007812,6.812500
 30, 6057,  77, 5801, 7.97, 3.40,8.044062,9.875000
 35, 6128,  54, 5836, 9.23, 4.03,6.951875,13.046875
 40, 6225,  21, 5961,10.96, 6.26,5.544218,2.968750
