Mutacao,MediaRes,NumMedGer,BestRes,ErroMed,ErroMenor,TempoMed,TempoMenor
  0, 3286,  24, 3159, 4.02, 0.00,0.102343,0.187500
  5, 3245,  68, 3159, 2.72, 0.00,0.135000,0.203125
 10, 3219,  76, 3159, 1.90, 0.00,0.147812,0.140625
 15, 3234,  54, 3159, 2.37, 0.00,0.137031,0.203125
 20, 3239,  69, 3159, 2.53, 0.00,0.137031,0.171875
 25, 3255,  56, 3159, 3.04, 0.00,0.124062,0.156250
 30, 3284,  57, 3159, 3.96, 0.00,0.125781,0.140625
 35, 3302,  36, 3159, 4.53, 0.00,0.109531,0.296875
 40, 3334,  30, 3159, 5.54, 0.00,0.108437,0.265625
