Mutacao,MediaRes,NumMedGer,BestRes,ErroMed,ErroMenor,TempoMed,TempoMenor
  0, 3531,  36, 3408, 3.61, 0.00,0.024843,0.031250
  5, 3479,  48, 3408, 2.08, 0.00,0.028281,0.015625
 10, 3454,  48, 3408, 1.35, 0.00,0.027656,0.031250
 15, 3428,  54, 3408, 0.59, 0.00,0.029687,0.031250
 20, 3451,  58, 3408, 1.26, 0.00,0.030937,0.031250
 25, 3430,  66, 3408, 0.65, 0.00,0.031250,0.031250
 30, 3443,  64, 3408, 1.03, 0.00,0.033437,0.046875
 35, 3451,  70, 3408, 1.26, 0.00,0.035625,0.062500
 40, 3485,  80, 3408, 2.26, 0.00,0.036250,0.046875
