Mutacao,MediaRes,NumMedGer,BestRes,ErroMed,ErroMenor,TempoMed,TempoMenor
  0, 1853,  49, 1810, 5.70, 3.25,0.927031,0.765625
  5, 1834,  89, 1765, 4.62, 0.68,1.157968,1.406250
 10, 1833,  98, 1753, 4.56, 0.00,1.163906,1.656250
 15, 1831, 124, 1753, 4.45, 0.00,1.360312,2.500000
 20, 1838, 127, 1766, 4.85, 0.74,1.469062,1.437500
 25, 1853, 104, 1770, 5.70, 0.97,1.251250,2.671875
 30, 1877,  73, 1787, 7.07, 1.94,1.068437,1.015625
 35, 1885,  67, 1793, 7.53, 2.28,1.037656,1.250000
 40, 1908,  36, 1832, 8.84, 4.51,0.874375,1.031250
