Mutacao,MediaRes,NumMedGer,BestRes,ErroMed,ErroMenor,TempoMed,TempoMenor
  0, 3362,  15, 3323, 1.17, 0.00,0.022187,0.031250
  5, 3335,  39, 3323, 0.36, 0.00,0.030000,0.046875
 10, 3333,  47, 3323, 0.30, 0.00,0.032343,0.046875
 15, 3328,  62, 3323, 0.15, 0.00,0.035000,0.031250
 20, 3326,  59, 3323, 0.09, 0.00,0.034062,0.031250
 25, 3327,  67, 3323, 0.12, 0.00,0.039531,0.031250
 30, 3328,  77, 3323, 0.15, 0.00,0.037031,0.031250
 35, 3331,  76, 3323, 0.24, 0.00,0.036250,0.062500
 40, 3333,  81, 3323, 0.30, 0.00,0.037968,0.031250
