Mutacao,MediaRes,NumMedGer,BestRes,ErroMed,ErroMenor,TempoMed,TempoMenor
  0,  953,  14,  937, 1.71, 0.00,0.217968,0.468750
  5,  947,  30,  937, 1.07, 0.00,0.247656,0.250000
 10,  946,  41,  937, 0.96, 0.00,0.266250,0.343750
 15,  947,  48,  937, 1.07, 0.00,0.284531,0.484375
 20,  948,  46,  937, 1.17, 0.00,0.280468,0.484375
 25,  949,  46,  937, 1.28, 0.00,0.283906,0.312500
 30,  952,  34,  937, 1.60, 0.00,0.264687,0.406250
 35,  957,  20,  937, 2.13, 0.00,0.247187,0.406250
 40,  960,  21,  937, 2.45, 0.00,0.257031,0.734375
