Mutacao,MediaRes,NumMedGer,BestRes,ErroMed,ErroMenor,TempoMed,TempoMenor
  0, 9185,  76, 8723, 7.64, 2.23,3.282812,4.703125
  5, 8985, 156, 8623, 5.30, 1.05,4.518281,7.312500
 10, 8993, 160, 8684, 5.39, 1.77,4.536093,5.890625
 15, 9040, 162, 8689, 5.94, 1.83,4.595156,5.546875
 20, 9143, 145, 8701, 7.15, 1.97,4.357812,5.812500
 25, 9188, 123, 8684, 7.68, 1.77,4.048593,6.015625
 30, 9324,  85, 8838, 9.27, 3.57,3.502500,7.359375
 35, 9434,  46, 8936,10.56, 4.72,2.825625,2.984375
 40, 9490,  26, 9144,11.22, 7.16,2.434687,2.984375
