Mutacao,MediaRes,NumMedGer,BestRes,ErroMed,ErroMenor,TempoMed,TempoMenor
  0, 2438,  17, 2425, 1.58, 1.04,0.287968,0.484375
  5, 2432,  38, 2400, 1.33, 0.00,0.331562,0.515625
 10, 2432,  49, 2400, 1.33, 0.00,0.359218,0.359375
 15, 2432,  53, 2400, 1.33, 0.00,0.369062,0.859375
 20, 2437,  53, 2400, 1.54, 0.00,0.374218,0.625000
 25, 2441,  47, 2400, 1.71, 0.00,0.365312,0.937500
 30, 2454,  40, 2400, 2.25, 0.00,0.352968,0.359375
 35, 2463,  27, 2420, 2.62, 0.83,0.327187,0.468750
 40, 2471,  24, 2425, 2.96, 1.04,0.321406,0.421875
