Mutacao,MediaRes,NumMedGer,BestRes,ErroMed,ErroMenor,TempoMed,TempoMenor
  0, 1168,  74, 1139, 2.55, 0.00,0.315000,0.671875
  5, 1157,  97, 1139, 1.58, 0.00,0.351250,0.343750
 10, 1151,  98, 1139, 1.05, 0.00,0.357187,0.328125
 15, 1154, 120, 1139, 1.32, 0.00,0.420937,0.375000
 20, 1155, 129, 1139, 1.40, 0.00,0.414062,0.328125
 25, 1163, 146, 1139, 2.11, 0.00,0.448125,0.421875
 30, 1167, 149, 1139, 2.46, 0.00,0.457031,0.937500
 35, 1188, 137, 1139, 4.30, 0.00,0.439218,0.453125
 40, 1215,  83, 1140, 6.67, 0.09,0.349375,0.578125
