Mutacao,MediaRes,NumMedGer,BestRes,ErroMed,ErroMenor,TempoMed,TempoMenor
  0, 7985,  50, 7897, 1.11, 0.00,0.144687,0.125000
  5, 7936,  63, 7897, 0.49, 0.00,0.153906,0.156250
 10, 7929,  75, 7897, 0.41, 0.00,0.162812,0.187500
 15, 7936,  78, 7897, 0.49, 0.00,0.169062,0.140625
 20, 7927,  91, 7897, 0.38, 0.00,0.184531,0.218750
 25, 7939, 100, 7897, 0.53, 0.00,0.195625,0.171875
 30, 7947, 109, 7897, 0.63, 0.00,0.208750,0.218750
 35, 7998,  97, 7897, 1.28, 0.00,0.202656,0.328125
 40, 8045, 109, 7897, 1.87, 0.00,0.221875,0.218750
