Mutacao,MediaRes,NumMedGer,BestRes,ErroMed,ErroMenor,TempoMed,TempoMenor
  0, 5605,  49, 5427, 8.77, 5.32,3.425625,3.906250
  5, 5594,  85, 5367, 8.56, 4.15,4.274843,12.890625
 10, 5629,  63, 5386, 9.24, 4.52,3.644687,5.437500
 15, 5658,  63, 5427, 9.80, 5.32,3.695625,4.359375
 20, 5694,  64, 5427,10.50, 5.32,3.767187,4.265625
 25, 5737,  50, 5481,11.33, 6.37,3.436875,4.343750
 30, 5749,  58, 5426,11.57, 5.30,3.617812,8.593750
 35, 5803,  30, 5601,12.61, 8.69,2.987812,2.781250
 40, 5832,  17, 5620,13.18, 9.06,2.788125,3.468750
