Mutacao,MediaRes,NumMedGer,BestRes,ErroMed,ErroMenor,TempoMed,TempoMenor
  0, 3842,   9, 3834, 0.21, 0.00,0.020156,0.031250
  5, 3834,  17, 3834, 0.00, 0.00,0.022656,0.015625
 10, 3835,  16, 3834, 0.03, 0.00,0.024687,0.015625
 15, 3834,  18, 3834, 0.00, 0.00,0.023750,0.031250
 20, 3834,  20, 3834, 0.00, 0.00,0.023437,0.015625
 25, 3834,  32, 3834, 0.00, 0.00,0.024687,0.015625
 30, 3834,  35, 3834, 0.00, 0.00,0.026718,0.031250
 35, 3835,  44, 3834, 0.03, 0.00,0.027500,0.031250
 40, 3838,  61, 3834, 0.10, 0.00,0.032656,0.031250
