Mutacao,MediaRes,NumMedGer,BestRes,ErroMed,ErroMenor,TempoMed,TempoMenor
  0, 3330,  25, 3159, 5.41, 0.00,0.095937,0.140625
  5, 3247,  63, 3159, 2.79, 0.00,0.121250,0.171875
 10, 3245,  67, 3159, 2.72, 0.00,0.124687,0.093750
 15, 3216,  77, 3159, 1.80, 0.00,0.133593,0.203125
 20, 3208, 100, 3159, 1.55, 0.00,0.149843,0.125000
 25, 3205,  95, 3159, 1.46, 0.00,0.149062,0.250000
 30, 3223,  93, 3159, 2.03, 0.00,0.146875,0.093750
 35, 3229, 101, 3159, 2.22, 0.00,0.155312,0.250000
 40, 3251, 100, 3159, 2.91, 0.00,0.155312,0.187500
