Mutacao,MediaRes,NumMedGer,BestRes,ErroMed,ErroMenor,TempoMed,TempoMenor
  0, 1126,  29, 1114, 2.27, 1.18,0.234843,0.203125
  5, 1115,  57, 1101, 1.27, 0.00,0.280781,0.312500
 10, 1110,  72, 1101, 0.82, 0.00,0.307187,0.312500
 15, 1110,  94, 1101, 0.82, 0.00,0.349531,0.421875
 20, 1115,  82, 1101, 1.27, 0.00,0.363906,0.687500
 25, 1116,  96, 1101, 1.36, 0.00,0.361875,0.468750
 30, 1124,  82, 1101, 2.09, 0.00,0.356093,0.546875
 35, 1134,  49, 1101, 3.00, 0.00,0.287968,0.468750
 40, 1140,  40, 1114, 3.54, 1.18,0.275000,0.390625
