Mutacao,MediaRes,NumMedGer,BestRes,ErroMed,ErroMenor,TempoMed,TempoMenor
  0, 1810,  56, 1726, 5.36, 0.47,0.480937,0.609375
  5, 1778, 101, 1718, 3.49, 0.00,0.595468,0.843750
 10, 1778, 116, 1718, 3.49, 0.00,0.650156,0.796875
 15, 1785, 102, 1723, 3.90, 0.29,0.602968,0.937500
 20, 1802, 104, 1726, 4.89, 0.47,0.610156,1.015625
 25, 1816, 100, 1726, 5.70, 0.47,0.621250,0.609375
 30, 1834,  94, 1741, 6.75, 1.34,0.595312,0.750000
 35, 1852,  62, 1749, 7.80, 1.80,0.508437,0.812500
 40, 1882,  39, 1763, 9.55, 2.62,0.450937,0.390625
