Mutacao,MediaRes,NumMedGer,BestRes,ErroMed,ErroMenor,TempoMed,TempoMenor
  0, 5691,  47, 5296,12.40, 4.60,7.115625,18.984375
  5, 5570, 154, 5232,10.01, 3.34,11.733125,23.296875
 10, 5643, 136, 5246,11.46, 3.61,11.021250,32.703125
 15, 5690, 106, 5185,12.38, 2.41,9.857656,23.953125
 20, 5759,  92, 5429,13.75, 7.23,9.413281,14.343750
 25, 5784,  64, 5401,14.24, 6.68,8.180000,10.250000
 30, 5852,  57, 5529,15.58, 9.20,7.123906,7.750000
 35, 5905,  40, 5529,16.63, 9.20,6.793750,8.500000
 40, 5951,  20, 5634,17.54,11.28,6.043906,13.125000
