Mutacao,MediaRes,NumMedGer,BestRes,ErroMed,ErroMenor,TempoMed,TempoMenor
  0, 2975,  11, 2962, 0.44, 0.00,0.092968,0.093750
  5, 2969,  19, 2962, 0.24, 0.00,0.098750,0.093750
 10, 2969,  16, 2962, 0.24, 0.00,0.095937,0.078125
 15, 2970,  26, 2962, 0.27, 0.00,0.105156,0.078125
 20, 2979,  21, 2962, 0.57, 0.00,0.101875,0.093750
 25, 2976,  11, 2962, 0.47, 0.00,0.096093,0.078125
 30, 2981,  15, 2962, 0.64, 0.00,0.097656,0.093750
 35, 2987,   9, 2962, 0.84, 0.00,0.095781,0.078125
 40, 2997,   7, 2962, 1.18, 0.00,0.092343,0.093750
