Mutacao,MediaRes,NumMedGer,BestRes,ErroMed,ErroMenor,TempoMed,TempoMenor
  0, 6660,  46, 6415, 8.13, 4.16,3.714218,3.296875
  5, 6600, 100, 6270, 7.16, 1.80,4.462812,10.203125
 10, 6625,  98, 6292, 7.57, 2.16,4.251875,8.531250
 15, 6685,  82, 6412, 8.54, 4.11,4.022343,4.765625
 20, 6713,  70, 6403, 8.99, 3.96,3.761250,12.109375
 25, 6776,  47, 6525,10.02, 5.94,3.273125,8.578125
 30, 6804,  41, 6549,10.47, 6.33,3.244843,7.031250
 35, 6835,  32, 6555,10.98, 6.43,2.934062,4.953125
 40, 6859,  18, 6619,11.37, 7.47,2.660000,3.328125
