Mutacao,MediaRes,NumMedGer,BestRes,ErroMed,ErroMenor,TempoMed,TempoMenor
  0, 6866,  10, 6859, 0.10, 0.00,0.033750,0.031250
  5, 6866,  14, 6859, 0.10, 0.00,0.034062,0.031250
 10, 6863,  21, 6859, 0.06, 0.00,0.037500,0.031250
 15, 6863,  28, 6859, 0.06, 0.00,0.040156,0.046875
 20, 6867,  43, 6859, 0.12, 0.00,0.044531,0.031250
 25, 6867,  45, 6859, 0.12, 0.00,0.046093,0.046875
 30, 6875,  63, 6859, 0.23, 0.00,0.051875,0.046875
 35, 6880,  61, 6859, 0.31, 0.00,0.051718,0.031250
 40, 6897,  66, 6859, 0.55, 0.00,0.053125,0.031250
