Mutacao,MediaRes,NumMedGer,BestRes,ErroMed,ErroMenor,TempoMed,TempoMenor
  0, 6207,  82, 5920,11.08, 5.94,8.103437,13.312500
  5, 6104, 142, 5815, 9.23, 4.06,10.516875,11.750000
 10, 6174, 122, 5842,10.49, 4.55,9.622812,16.218750
 15, 6259,  97, 5902,12.01, 5.62,9.054218,17.218750
 20, 6274,  95, 5914,12.28, 5.83,9.009531,11.765625
 25, 6367,  84, 5954,13.94, 6.55,8.667656,9.046875
 30, 6439,  65, 5957,15.23, 6.60,7.695312,13.593750
 35, 6472,  54, 6083,15.82, 8.86,7.435468,15.171875
 40, 6562,  23, 6192,17.43,10.81,5.849843,8.828125
