Mutacao,MediaRes,NumMedGer,BestRes,ErroMed,ErroMenor,TempoMed,TempoMenor
  0, 6114,  48, 5794,10.32, 4.55,3.184531,5.125000
  5, 6043,  95, 5661, 9.04, 2.15,4.107343,4.968750
 10, 6082,  91, 5641, 9.74, 1.79,4.025000,11.718750
 15, 6137,  63, 5850,10.74, 5.56,3.490156,4.046875
 20, 6181,  61, 5758,11.53, 3.90,3.483906,4.593750
 25, 6182,  56, 5718,11.55, 3.18,3.367187,5.484375
 30, 6244,  49, 5932,12.67, 7.04,3.240781,4.015625
 35, 6293,  36, 5821,13.55, 5.03,2.947656,5.656250
 40, 6333,  20, 6087,14.27, 9.83,2.637500,4.796875
