Mutacao,MediaRes,NumMedGer,BestRes,ErroMed,ErroMenor,TempoMed,TempoMenor
  0, 6929,  35, 6870, 1.02, 0.16,0.041250,0.046875
  5, 6887,  83, 6859, 0.41, 0.00,0.055156,0.093750
 10, 6876,  93, 6859, 0.25, 0.00,0.059375,0.046875
 15, 6875,  90, 6859, 0.23, 0.00,0.057968,0.078125
 20, 6874,  95, 6859, 0.22, 0.00,0.061093,0.062500
 25, 6874, 102, 6859, 0.22, 0.00,0.063906,0.078125
 30, 6879,  91, 6859, 0.29, 0.00,0.060468,0.078125
 35, 6890,  92, 6859, 0.45, 0.00,0.061406,0.109375
 40, 6901,  89, 6859, 0.61, 0.00,0.062500,0.093750
