Mutacao,MediaRes,NumMedGer,BestRes,ErroMed,ErroMenor,TempoMed,TempoMenor
  0, 7725,   5, 7725, 0.13, 0.13,0.026875,0.031250
  5, 7724,   6, 7715, 0.12, 0.00,0.029218,0.031250
 10, 7724,  10, 7715, 0.12, 0.00,0.031250,0.062500
 15, 7724,  13, 7715, 0.12, 0.00,0.031718,0.031250
 20, 7724,  16, 7715, 0.12, 0.00,0.034687,0.031250
 25, 7723,  22, 7715, 0.10, 0.00,0.037031,0.062500
 30, 7724,  33, 7715, 0.12, 0.00,0.040937,0.046875
 35, 7724,  43, 7715, 0.12, 0.00,0.046562,0.031250
 40, 7728,  52, 7715, 0.17, 0.00,0.050156,0.140625
