Mutacao,MediaRes,NumMedGer,BestRes,ErroMed,ErroMenor,TempoMed,TempoMenor
  0, 1874,  54, 1862, 0.64, 0.00,0.403125,0.343750
  5, 1868,  69, 1862, 0.32, 0.00,0.441250,0.484375
 10, 1873,  69, 1862, 0.59, 0.00,0.445781,0.703125
 15, 1880,  67, 1862, 0.97, 0.00,0.447187,0.671875
 20, 1887,  58, 1862, 1.34, 0.00,0.430781,0.390625
 25, 1902,  66, 1862, 2.15, 0.00,0.455000,0.578125
 30, 1914,  56, 1862, 2.79, 0.00,0.436875,0.437500
 35, 1920,  47, 1862, 3.11, 0.00,0.426093,0.515625
 40, 1936,  24, 1869, 3.97, 0.38,0.365937,0.437500
