Mutacao,MediaRes,NumMedGer,BestRes,ErroMed,ErroMenor,TempoMed,TempoMenor
  0, 5843,  43, 5606,10.25, 5.77,3.238593,2.953125
  5, 5727, 117, 5520, 8.06, 4.15,4.689843,7.937500
 10, 5745, 128, 5399, 8.40, 1.87,4.907343,7.828125
 15, 5800, 112, 5543, 9.43, 4.58,4.608125,5.921875
 20, 5853,  77, 5568,10.43, 5.06,3.920312,5.062500
 25, 5935,  71, 5540,11.98, 4.53,3.842031,11.937500
 30, 5978,  52, 5485,12.79, 3.49,3.472343,4.625000
 35, 6035,  33, 5606,13.87, 5.77,3.029375,3.468750
 40, 6071,  24, 5697,14.55, 7.49,2.849062,3.093750
