Mutacao,MediaRes,NumMedGer,BestRes,ErroMed,ErroMenor,TempoMed,TempoMenor
  0, 8004,  25, 7589, 5.47, 0.00,0.135937,0.218750
  5, 7828,  76, 7589, 3.15, 0.00,0.180156,0.234375
 10, 7775,  95, 7589, 2.45, 0.00,0.209843,0.187500
 15, 7785, 104, 7589, 2.58, 0.00,0.215468,0.375000
 20, 7748, 111, 7589, 2.10, 0.00,0.215781,0.265625
 25, 7799, 101, 7589, 2.77, 0.00,0.225468,0.281250
 30, 7821, 118, 7589, 3.06, 0.00,0.229062,0.187500
 35, 7872, 114, 7589, 3.73, 0.00,0.217500,0.156250
 40, 7953, 109, 7594, 4.80, 0.07,0.214062,0.281250
