Mutacao,MediaRes,NumMedGer,BestRes,ErroMed,ErroMenor,TempoMed,TempoMenor
  0, 4280,  33, 4249, 0.73, 0.00,0.089843,0.078125
  5, 4274,  28, 4249, 0.59, 0.00,0.085312,0.125000
 10, 4283,  35, 4249, 0.80, 0.00,0.089687,0.109375
 15, 4268,  40, 4249, 0.45, 0.00,0.093593,0.125000
 20, 4278,  49, 4249, 0.68, 0.00,0.099531,0.109375
 25, 4267,  58, 4249, 0.42, 0.00,0.105937,0.109375
 30, 4271,  67, 4249, 0.52, 0.00,0.113281,0.078125
 35, 4274,  65, 4249, 0.59, 0.00,0.113437,0.109375
 40, 4263,  94, 4249, 0.33, 0.00,0.134375,0.156250
