Mutacao,MediaRes,NumMedGer,BestRes,ErroMed,ErroMenor,TempoMed,TempoMenor
  0, 6411, 155, 5913, 8.75, 0.31,5.308125,7.328125
  5, 6216, 250, 5925, 5.45, 0.51,7.093906,7.046875
 10, 6226, 246, 5911, 5.61, 0.27,7.056093,8.062500
 15, 6369, 202, 6013, 8.04, 2.00,6.303125,10.250000
 20, 6484, 154, 6007, 9.99, 1.90,5.536406,6.187500
 25, 6628, 102, 6083,12.43, 3.19,4.589062,10.015625
 30, 6732,  70, 6191,14.20, 5.02,4.013906,12.125000
 35, 6813,  49, 6526,15.57,10.70,3.626406,4.718750
 40, 6889,  34, 6603,16.86,12.01,3.234062,3.234375
