Mutacao,MediaRes,NumMedGer,BestRes,ErroMed,ErroMenor,TempoMed,TempoMenor
  0, 5456,  91, 5197, 6.92, 1.84,8.917031,14.109375
  5, 5411, 156, 5196, 6.04, 1.82,11.606250,18.265625
 10, 5428, 158, 5197, 6.37, 1.84,9.151875,18.171875
 15, 5500, 127, 5197, 7.78, 1.84,6.128593,9.328125
 20, 5532, 129, 5171, 8.41, 1.33,5.159062,12.625000
 25, 5587,  94, 5196, 9.48, 1.82,4.276562,8.828125
 30, 5689,  79, 5317,11.48, 4.19,3.978281,9.640625
 35, 5762,  40, 5431,12.91, 6.43,3.262031,6.484375
 40, 5801,  29, 5510,13.68, 7.98,2.907343,3.437500
