Mutacao,MediaRes,NumMedGer,BestRes,ErroMed,ErroMenor,TempoMed,TempoMenor
  0, 2363,  22, 2340, 0.98, 0.00,0.317343,0.265625
  5, 2369,  29, 2340, 1.24, 0.00,0.335156,0.328125
 10, 2370,  40, 2340, 1.28, 0.00,0.365937,0.265625
 15, 2374,  47, 2340, 1.45, 0.00,0.414218,0.312500
 20, 2385,  47, 2340, 1.92, 0.00,0.412031,0.312500
 25, 2389,  32, 2340, 2.09, 0.00,0.384531,0.359375
 30, 2403,  31, 2340, 2.69, 0.00,0.387343,0.312500
 35, 2418,  21, 2340, 3.33, 0.00,0.369687,0.343750
 40, 2434,  18, 2340, 4.02, 0.00,0.362187,0.359375
