Mutacao,MediaRes,NumMedGer,BestRes,ErroMed,ErroMenor,TempoMed,TempoMenor
  0, 1856,  43, 1724, 8.60, 0.88,0.476718,1.171875
  5, 1786, 157, 1709, 4.51, 0.00,0.790468,1.140625
 10, 1793, 136, 1709, 4.92, 0.00,0.718437,0.906250
 15, 1805, 127, 1709, 5.62, 0.00,0.699375,0.656250
 20, 1818, 108, 1709, 6.38, 0.00,0.654062,1.046875
 25, 1836,  77, 1724, 7.43, 0.88,0.570937,0.734375
 30, 1862,  52, 1734, 8.95, 1.46,0.491406,0.718750
 35, 1878,  32, 1784, 9.89, 4.39,0.431562,0.640625
 40, 1894,  14, 1834,10.83, 7.31,0.377343,0.421875
