Mutacao,MediaRes,NumMedGer,BestRes,ErroMed,ErroMenor,TempoMed,TempoMenor
  0, 1212,  28, 1172, 3.41, 0.00,0.251093,0.203125
  5, 1201,  74, 1172, 2.47, 0.00,0.323750,0.203125
 10, 1199,  74, 1172, 2.30, 0.00,0.322656,0.218750
 15, 1202,  54, 1172, 2.56, 0.00,0.287812,0.187500
 20, 1204,  51, 1172, 2.73, 0.00,0.287031,0.187500
 25, 1212,  36, 1172, 3.41, 0.00,0.262343,0.203125
 30, 1216,  28, 1172, 3.75, 0.00,0.249062,0.187500
 35, 1221,  17, 1172, 4.18, 0.00,0.230468,0.187500
 40, 1227,  10, 1172, 4.69, 0.00,0.215000,0.187500
