Mutacao,MediaRes,NumMedGer,BestRes,ErroMed,ErroMenor,TempoMed,TempoMenor
  0, 6933,  22, 6890, 0.62, 0.00,0.038281,0.031250
  5, 6916,  56, 6890, 0.38, 0.00,0.049531,0.046875
 10, 6911,  68, 6890, 0.30, 0.00,0.053750,0.046875
 15, 6900,  79, 6890, 0.15, 0.00,0.058750,0.062500
 20, 6908,  71, 6890, 0.26, 0.00,0.055468,0.062500
 25, 6914,  75, 6890, 0.35, 0.00,0.057812,0.093750
 30, 6914,  79, 6890, 0.35, 0.00,0.060468,0.046875
 35, 6927,  72, 6890, 0.54, 0.00,0.058593,0.062500
 40, 6944,  65, 6890, 0.78, 0.00,0.057500,0.078125
