Mutacao,MediaRes,NumMedGer,BestRes,ErroMed,ErroMenor,TempoMed,TempoMenor
  0, 3164,  50, 3109, 1.77, 0.00,0.126406,0.140625
  5, 3133,  61, 3109, 0.77, 0.00,0.135781,0.093750
 10, 3127,  74, 3109, 0.58, 0.00,0.147343,0.109375
 15, 3131,  71, 3109, 0.71, 0.00,0.147500,0.171875
 20, 3140,  73, 3109, 1.00, 0.00,0.150000,0.140625
 25, 3145,  71, 3109, 1.16, 0.00,0.149062,0.156250
 30, 3162,  68, 3109, 1.70, 0.00,0.147812,0.171875
 35, 3183,  54, 3113, 2.38, 0.13,0.138906,0.171875
 40, 3199,  35, 3109, 2.89, 0.00,0.122812,0.156250
