Mutacao,MediaRes,NumMedGer,BestRes,ErroMed,ErroMenor,TempoMed,TempoMenor
  0, 1226,  18, 1205, 2.08, 0.33,0.222812,0.312500
  5, 1217,  61, 1201, 1.33, 0.00,0.310156,0.484375
 10, 1214,  67, 1201, 1.08, 0.00,0.318125,0.328125
 15, 1217,  70, 1201, 1.33, 0.00,0.325312,0.390625
 20, 1220,  70, 1201, 1.58, 0.00,0.330937,0.453125
 25, 1225,  57, 1201, 2.00, 0.00,0.306562,0.328125
 30, 1231,  43, 1201, 2.50, 0.00,0.281718,0.375000
 35, 1236,  33, 1201, 2.91, 0.00,0.265156,0.375000
 40, 1241,  29, 1201, 3.33, 0.00,0.260156,0.421875
