Mutacao,MediaRes,NumMedGer,BestRes,ErroMed,ErroMenor,TempoMed,TempoMenor
  0, 7528,  75, 7022,13.56, 5.93,3.723906,6.453125
  5, 7277, 205, 6721, 9.78, 1.39,5.738125,9.921875
 10, 7238, 214, 6774, 9.19, 2.19,5.918437,8.171875
 15, 7295, 185, 6774,10.05, 2.19,5.300468,7.250000
 20, 7339, 182, 6839,10.71, 3.17,5.170468,7.468750
 25, 7375, 167, 6930,11.25, 4.54,4.940468,7.156250
 30, 7459, 150, 7190,12.52, 8.46,4.675937,7.812500
 35, 7606,  77, 7280,14.74, 9.82,3.564843,7.828125
 40, 7693,  38, 7249,16.05, 9.35,2.972968,7.734375
