Mutacao,MediaRes,NumMedGer,BestRes,ErroMed,ErroMenor,TempoMed,TempoMenor
  0, 2983,  36, 2903,10.20, 7.24,0.124843,0.187500
  5, 2881,  76, 2707, 6.43, 0.00,0.146562,0.093750
 10, 2861,  89, 2707, 5.69, 0.00,0.157031,0.250000
 15, 2865,  87, 2707, 5.84, 0.00,0.155937,0.140625
 20, 2878,  91, 2707, 6.32, 0.00,0.159531,0.187500
 25, 2875, 105, 2707, 6.21, 0.00,0.190468,0.343750
 30, 2923,  83, 2707, 7.98, 0.00,0.154062,0.250000
 35, 2972,  58, 2707, 9.79, 0.00,0.135937,0.328125
 40, 3009,  53, 2707,11.16, 0.00,0.129843,0.140625
