Mutacao,MediaRes,NumMedGer,BestRes,ErroMed,ErroMenor,TempoMed,TempoMenor
  0, 7524,  40, 7446, 1.05, 0.00,0.040000,0.046875
  5, 7472,  44, 7446, 0.35, 0.00,0.040781,0.046875
 10, 7465,  43, 7446, 0.26, 0.00,0.039843,0.062500
 15, 7450,  47, 7446, 0.05, 0.00,0.044375,0.046875
 20, 7453,  54, 7446, 0.09, 0.00,0.045312,0.031250
 25, 7450,  65, 7446, 0.05, 0.00,0.048593,0.046875
 30, 7456,  80, 7446, 0.13, 0.00,0.054062,0.046875
 35, 7460,  91, 7446, 0.19, 0.00,0.057500,0.046875
 40, 7473, 106, 7446, 0.36, 0.00,0.070312,0.109375
