Mutacao,MediaRes,NumMedGer,BestRes,ErroMed,ErroMenor,TempoMed,TempoMenor
  0, 3388,  10, 3346, 1.26, 0.00,0.028125,0.031250
  5, 3369,  28, 3346, 0.69, 0.00,0.030156,0.031250
 10, 3367,  28, 3346, 0.63, 0.00,0.028281,0.031250
 15, 3368,  32, 3346, 0.66, 0.00,0.031250,0.046875
 20, 3362,  43, 3346, 0.48, 0.00,0.030000,0.031250
 25, 3360,  55, 3346, 0.42, 0.00,0.028593,0.046875
 30, 3364,  58, 3346, 0.54, 0.00,0.030312,0.062500
 35, 3365,  67, 3346, 0.57, 0.00,0.034062,0.046875
 40, 3372,  67, 3346, 0.78, 0.00,0.032500,0.015625
