Mutacao,MediaRes,NumMedGer,BestRes,ErroMed,ErroMenor,TempoMed,TempoMenor
  0, 3622,  15, 3610, 0.33, 0.00,0.020625,0.015625
  5, 3612,  22, 3610, 0.06, 0.00,0.020312,0.015625
 10, 3610,  20, 3610, 0.00, 0.00,0.019218,0.015625
 15, 3610,  21, 3610, 0.00, 0.00,0.021093,0.015625
 20, 3610,  22, 3610, 0.00, 0.00,0.020312,0.015625
 25, 3610,  29, 3610, 0.00, 0.00,0.022656,0.015625
 30, 3610,  31, 3610, 0.00, 0.00,0.023125,0.031250
 35, 3610,  35, 3610, 0.00, 0.00,0.025468,0.031250
 40, 3612,  45, 3610, 0.06, 0.00,0.028125,0.046875
