Mutacao,MediaRes,NumMedGer,BestRes,ErroMed,ErroMenor,TempoMed,TempoMenor
  0,  964,  75,  937, 2.88, 0.00,0.349531,0.359375
  5,  951,  95,  937, 1.49, 0.00,0.385625,0.328125
 10,  957, 100,  937, 2.13, 0.00,0.393906,0.500000
 15,  963, 101,  937, 2.77, 0.00,0.401718,0.375000
 20,  967, 117,  937, 3.20, 0.00,0.449062,0.640625
 25,  972, 114,  937, 3.74, 0.00,0.437343,0.406250
 30,  990,  97,  937, 5.66, 0.00,0.407343,0.593750
 35, 1006,  63,  937, 7.36, 0.00,0.334375,0.703125
 40, 1023,  33,  955, 9.18, 1.92,0.294375,0.562500
