Mutacao,MediaRes,NumMedGer,BestRes,ErroMed,ErroMenor,TempoMed,TempoMenor
  0, 1291,  30, 1271, 4.70, 3.08,0.249375,0.218750
  5, 1282,  65, 1253, 3.97, 1.62,0.298906,0.671875
 10, 1280,  80, 1233, 3.81, 0.00,0.327031,0.671875
 15, 1284,  60, 1253, 4.14, 1.62,0.292031,0.468750
 20, 1283,  79, 1233, 4.06, 0.00,0.328593,0.375000
 25, 1285,  61, 1252, 4.22, 1.54,0.298281,0.453125
 30, 1289,  61, 1233, 4.54, 0.00,0.300781,0.421875
 35, 1298,  43, 1257, 5.27, 1.95,0.268906,0.656250
 40, 1306,  21, 1285, 5.92, 4.22,0.230937,0.265625
