Mutacao,MediaRes,NumMedGer,BestRes,ErroMed,ErroMenor,TempoMed,TempoMenor
  0, 6531,  31, 6301,12.76, 8.79,3.269531,9.000000
  5, 6400, 145, 6085,10.50, 5.06,5.355468,18.031250
 10, 6420, 113, 6177,10.84, 6.65,4.919687,9.250000
 15, 6477, 102, 6234,11.83, 7.63,4.673281,9.750000
 20, 6513,  80, 6233,12.45, 7.61,4.243281,7.859375
 25, 6547,  68, 6241,13.04, 7.75,4.073906,10.218750
 30, 6585,  43, 6400,13.69,10.50,3.510156,4.468750
 35, 6611,  25, 6400,14.14,10.50,3.140312,3.937500
 40, 6642,  15, 6437,14.68,11.14,2.902031,3.406250
