Mutacao,MediaRes,NumMedGer,BestRes,ErroMed,ErroMenor,TempoMed,TempoMenor
  0, 6931,  60, 6859, 1.05, 0.00,0.044687,0.046875
  5, 6886,  63, 6859, 0.39, 0.00,0.046093,0.046875
 10, 6874,  64, 6859, 0.22, 0.00,0.046718,0.046875
 15, 6869,  63, 6859, 0.15, 0.00,0.046562,0.046875
 20, 6868,  72, 6859, 0.13, 0.00,0.049375,0.046875
 25, 6865,  86, 6859, 0.09, 0.00,0.053593,0.046875
 30, 6871,  92, 6859, 0.17, 0.00,0.055625,0.046875
 35, 6875,  99, 6859, 0.23, 0.00,0.058125,0.078125
 40, 6887, 120, 6859, 0.41, 0.00,0.065312,0.109375
