Mutacao,MediaRes,NumMedGer,BestRes,ErroMed,ErroMenor,TempoMed,TempoMenor
  0, 2087,   8, 2085, 0.10, 0.00,0.041562,0.062500
  5, 2085,  13, 2085, 0.00, 0.00,0.043593,0.046875
 10, 2085,  15, 2085, 0.00, 0.00,0.045937,0.031250
 15, 2088,  22, 2085, 0.14, 0.00,0.048125,0.046875
 20, 2088,  16, 2085, 0.14, 0.00,0.046562,0.031250
 25, 2091,  20, 2085, 0.29, 0.00,0.047343,0.062500
 30, 2091,  23, 2085, 0.29, 0.00,0.050781,0.031250
 35, 2098,  21, 2085, 0.62, 0.00,0.053906,0.062500
 40, 2106,  25, 2085, 1.01, 0.00,0.053593,0.046875
