Mutacao,MediaRes,NumMedGer,BestRes,ErroMed,ErroMenor,TempoMed,TempoMenor
  0, 6178,  51, 6015, 3.74, 1.01,3.057031,2.968750
  5, 6186,  72, 5964, 3.88, 0.15,3.386875,6.000000
 10, 6201,  64, 5973, 4.13, 0.30,3.253750,6.000000
 15, 6263,  51, 6012, 5.17, 0.96,3.081875,4.093750
 20, 6258,  56, 6010, 5.09, 0.92,3.124843,4.187500
 25, 6296,  51, 6012, 5.73, 0.96,3.087812,4.078125
 30, 6337,  39, 6012, 6.41, 0.96,2.861406,4.484375
 35, 6373,  35, 6024, 7.02, 1.16,2.844531,4.921875
 40, 6406,  15, 6039, 7.57, 1.41,2.399531,2.937500
