Mutacao,MediaRes,NumMedGer,BestRes,ErroMed,ErroMenor,TempoMed,TempoMenor
  0, 1961,  41, 1855, 9.86, 3.92,0.493437,0.828125
  5, 1949,  65, 1785, 9.19, 0.00,0.550625,0.515625
 10, 1941,  79, 1820, 8.74, 1.96,0.556718,0.671875
 15, 1936,  91, 1785, 8.46, 0.00,0.587656,0.828125
 20, 1933, 118, 1785, 8.29, 0.00,0.667187,1.062500
 25, 1941, 113, 1841, 8.74, 3.14,0.672500,0.562500
 30, 1959,  93, 1785, 9.75, 0.00,0.652187,1.234375
 35, 1963, 105, 1854, 9.97, 3.87,0.693906,0.578125
 40, 1986,  72, 1842,11.26, 3.19,0.620937,0.687500
