Mutacao,MediaRes,NumMedGer,BestRes,ErroMed,ErroMenor,TempoMed,TempoMenor
  0, 6096,  36, 5945, 9.60, 6.89,3.022500,3.718750
  5, 6046,  96, 5861, 8.70, 5.38,4.180937,4.687500
 10, 6089,  67, 5943, 9.48, 6.85,3.705156,3.312500
 15, 6087,  73, 5884, 9.44, 5.79,3.762187,3.437500
 20, 6113,  63, 5943, 9.91, 6.85,3.646875,3.750000
 25, 6146,  49, 6009,10.50, 8.04,3.477343,4.562500
 30, 6144,  46, 5923,10.46, 6.49,3.319062,4.281250
 35, 6195,  33, 6057,11.38, 8.90,3.106250,4.796875
 40, 6199,  19, 6089,11.45, 9.48,2.817656,2.937500
