Mutacao,MediaRes,NumMedGer,BestRes,ErroMed,ErroMenor,TempoMed,TempoMenor
  0, 7032,  64, 6701, 9.81, 4.64,3.228593,6.515625
  5, 6756, 190, 6412, 5.50, 0.12,5.193593,5.890625
 10, 6779, 179, 6471, 5.86, 1.05,4.995937,6.406250
 15, 6869, 166, 6412, 7.26, 0.12,4.937656,9.265625
 20, 6979, 151, 6419, 8.98, 0.23,4.772500,9.921875
 25, 7081, 112, 6647,10.57, 3.79,4.183750,8.468750
 30, 7178,  78, 6762,12.09, 5.59,3.634843,3.359375
 35, 7253,  51, 6895,13.26, 7.67,3.284687,6.234375
 40, 7306,  36, 6938,14.08, 8.34,2.895156,2.953125
