Mutacao,MediaRes,NumMedGer,BestRes,ErroMed,ErroMenor,TempoMed,TempoMenor
  0, 2881,  22, 2823, 5.03, 2.92,0.040781,0.046875
  5, 2865,  36, 2823, 4.45, 2.92,0.045937,0.046875
 10, 2857,  39, 2743, 4.16, 0.00,0.048593,0.046875
 15, 2860,  39, 2743, 4.27, 0.00,0.049062,0.093750
 20, 2861,  38, 2743, 4.30, 0.00,0.050000,0.046875
 25, 2856,  55, 2743, 4.12, 0.00,0.057500,0.062500
 30, 2859,  52, 2743, 4.23, 0.00,0.057500,0.046875
 35, 2851,  65, 2743, 3.94, 0.00,0.064062,0.093750
 40, 2858,  79, 2743, 4.19, 0.00,0.072187,0.078125
