Mutacao,MediaRes,NumMedGer,BestRes,ErroMed,ErroMenor,TempoMed,TempoMenor
  0, 7269,  22, 7250, 0.26, 0.00,0.121406,0.093750
  5, 7274,  32, 7250, 0.33, 0.00,0.132031,0.109375
 10, 7287,  41, 7250, 0.51, 0.00,0.139375,0.109375
 15, 7305,  46, 7250, 0.76, 0.00,0.145468,0.140625
 20, 7333,  56, 7250, 1.14, 0.00,0.155937,0.156250
 25, 7365,  54, 7250, 1.59, 0.00,0.155625,0.359375
 30, 7398,  61, 7250, 2.04, 0.00,0.163437,0.156250
 35, 7455,  55, 7250, 2.83, 0.00,0.158125,0.156250
 40, 7529,  54, 7250, 3.85, 0.00,0.158750,0.218750
