Mutacao,MediaRes,NumMedGer,BestRes,ErroMed,ErroMenor,TempoMed,TempoMenor
  0, 2086,  11, 2085, 0.05, 0.00,0.044218,0.031250
  5, 2087,  22, 2085, 0.10, 0.00,0.048593,0.046875
 10, 2086,  21, 2085, 0.05, 0.00,0.048750,0.031250
 15, 2085,  25, 2085, 0.00, 0.00,0.057031,0.046875
 20, 2087,  32, 2085, 0.10, 0.00,0.055781,0.078125
 25, 2088,  34, 2085, 0.14, 0.00,0.053593,0.031250
 30, 2090,  35, 2085, 0.24, 0.00,0.055937,0.031250
 35, 2095,  38, 2085, 0.48, 0.00,0.055625,0.046875
 40, 2107,  32, 2085, 1.06, 0.00,0.054843,0.031250
