Mutacao,MediaRes,NumMedGer,BestRes,ErroMed,ErroMenor,TempoMed,TempoMenor
  0,  952,  12,  937, 1.60, 0.00,0.212656,0.312500
  5,  949,  27,  937, 1.28, 0.00,0.231718,0.281250
 10,  947,  35,  937, 1.07, 0.00,0.249218,0.296875
 15,  948,  36,  937, 1.17, 0.00,0.250625,0.375000
 20,  949,  35,  937, 1.28, 0.00,0.248437,0.406250
 25,  950,  46,  937, 1.39, 0.00,0.272031,0.375000
 30,  952,  35,  937, 1.60, 0.00,0.252656,0.546875
 35,  955,  40,  937, 1.92, 0.00,0.262343,0.359375
 40,  960,  25,  937, 2.45, 0.00,0.238437,0.390625
