Mutacao,MediaRes,NumMedGer,BestRes,ErroMed,ErroMenor,TempoMed,TempoMenor
  0, 3937,   7, 3928, 0.23, 0.00,0.017187,0.015625
  5, 3930,  12, 3928, 0.05, 0.00,0.019218,0.031250
 10, 3930,  12, 3928, 0.05, 0.00,0.017968,0.015625
 15, 3929,  11, 3928, 0.03, 0.00,0.018125,0.015625
 20, 3928,  15, 3928, 0.00, 0.00,0.019843,0.015625
 25, 3929,  21, 3928, 0.03, 0.00,0.020156,0.015625
 30, 3928,  21, 3928, 0.00, 0.00,0.021406,0.031250
 35, 3928,  31, 3928, 0.00, 0.00,0.021718,0.015625
 40, 3929,  38, 3928, 0.03, 0.00,0.024375,0.031250
