Mutacao,MediaRes,NumMedGer,BestRes,ErroMed,ErroMenor,TempoMed,TempoMenor
  0, 1727,  64, 1628, 6.08, 0.00,0.469843,0.593750
  5, 1691, 101, 1628, 3.87, 0.00,0.578593,0.468750
 10, 1688, 104, 1628, 3.69, 0.00,0.584375,0.578125
 15, 1691, 103, 1628, 3.87, 0.00,0.587656,0.593750
 20, 1707, 103, 1628, 4.85, 0.00,0.592500,1.125000
 25, 1727,  98, 1628, 6.08, 0.00,0.582187,1.156250
 30, 1746,  86, 1628, 7.25, 0.00,0.553906,0.734375
 35, 1785,  63, 1636, 9.64, 0.49,0.491093,1.250000
 40, 1814,  28, 1674,11.43, 2.83,0.394531,0.531250
