Mutacao,MediaRes,NumMedGer,BestRes,ErroMed,ErroMenor,TempoMed,TempoMenor
  0, 6862,   8, 6859, 0.04, 0.00,0.028750,0.046875
  5, 6862,  12, 6859, 0.04, 0.00,0.031250,0.031250
 10, 6864,  18, 6859, 0.07, 0.00,0.032031,0.031250
 15, 6862,  25, 6859, 0.04, 0.00,0.035156,0.031250
 20, 6865,  31, 6859, 0.09, 0.00,0.037187,0.031250
 25, 6865,  45, 6859, 0.09, 0.00,0.041718,0.078125
 30, 6869,  41, 6859, 0.15, 0.00,0.040000,0.031250
 35, 6872,  58, 6859, 0.19, 0.00,0.045781,0.062500
 40, 6878,  63, 6859, 0.28, 0.00,0.047812,0.046875
