Mutacao,MediaRes,NumMedGer,BestRes,ErroMed,ErroMenor,TempoMed,TempoMenor
  0, 7031,  55, 6951, 1.15, 0.00,0.045625,0.046875
  5, 6976,  78, 6951, 0.36, 0.00,0.051250,0.062500
 10, 6966,  88, 6951, 0.22, 0.00,0.054062,0.031250
 15, 6958,  91, 6951, 0.10, 0.00,0.055312,0.046875
 20, 6961,  91, 6951, 0.14, 0.00,0.056250,0.046875
 25, 6956,  99, 6951, 0.07, 0.00,0.058750,0.109375
 30, 6965, 113, 6951, 0.20, 0.00,0.062500,0.046875
 35, 6973, 115, 6951, 0.32, 0.00,0.069687,0.078125
 40, 6992, 104, 6951, 0.59, 0.00,0.071250,0.062500
