Mutacao,MediaRes,NumMedGer,BestRes,ErroMed,ErroMenor,TempoMed,TempoMenor
  0, 2247,  51, 2204, 1.95, 0.00,0.366406,0.453125
  5, 2245,  68, 2204, 1.86, 0.00,0.424531,0.453125
 10, 2247,  80, 2204, 1.95, 0.00,0.460000,0.859375
 15, 2243,  86, 2204, 1.77, 0.00,0.466250,0.765625
 20, 2257,  86, 2204, 2.40, 0.00,0.489843,0.531250
 25, 2272,  86, 2204, 3.09, 0.00,0.493125,0.640625
 30, 2284,  70, 2204, 3.63, 0.00,0.456718,0.609375
 35, 2296,  63, 2204, 4.17, 0.00,0.450312,0.703125
 40, 2308,  41, 2204, 4.72, 0.00,0.400312,0.671875
