Mutacao,MediaRes,NumMedGer,BestRes,ErroMed,ErroMenor,TempoMed,TempoMenor
  0, 6425,  79, 6162, 8.97, 4.51,4.386718,6.875000
  5, 6363, 114, 6044, 7.92, 2.51,5.117031,7.546875
 10, 6405,  87, 6044, 8.63, 2.51,4.675000,9.234375
 15, 6432,  54, 6175, 9.09, 4.73,4.150781,6.328125
 20, 6477,  38, 6172, 9.85, 4.68,4.054062,9.296875
 25, 6481,  25, 6184, 9.92, 4.88,3.801093,8.453125
 30, 6506,  16, 6377,10.35, 8.16,3.673593,5.015625
 35, 6525,  13, 6382,10.67, 8.24,3.630781,3.937500
 40, 6505,   6, 6382,10.33, 8.24,3.413281,4.734375
