Mutacao,MediaRes,NumMedGer,BestRes,ErroMed,ErroMenor,TempoMed,TempoMenor
  0, 6993,  28, 6900, 1.35, 0.00,0.043281,0.046875
  5, 6942,  50, 6900, 0.61, 0.00,0.052656,0.062500
 10, 6924,  62, 6900, 0.35, 0.00,0.056250,0.062500
 15, 6919,  73, 6900, 0.28, 0.00,0.060468,0.078125
 20, 6918,  78, 6900, 0.26, 0.00,0.061875,0.046875
 25, 6922,  86, 6900, 0.32, 0.00,0.065781,0.062500
 30, 6912,  87, 6900, 0.17, 0.00,0.065937,0.078125
 35, 6921,  91, 6900, 0.30, 0.00,0.069218,0.109375
 40, 6935, 100, 6900, 0.51, 0.00,0.074218,0.093750
