Mutacao,MediaRes,NumMedGer,BestRes,ErroMed,ErroMenor,TempoMed,TempoMenor
  0, 2647,  14, 2579, 2.64, 0.00,0.035000,0.062500
  5, 2637,  19, 2579, 2.25, 0.00,0.037187,0.046875
 10, 2628,  25, 2579, 1.90, 0.00,0.039375,0.046875
 15, 2623,  28, 2579, 1.71, 0.00,0.040000,0.046875
 20, 2619,  32, 2579, 1.55, 0.00,0.042656,0.031250
 25, 2608,  38, 2579, 1.12, 0.00,0.044843,0.046875
 30, 2609,  44, 2579, 1.16, 0.00,0.047656,0.078125
 35, 2611,  55, 2579, 1.24, 0.00,0.052031,0.046875
 40, 2616,  61, 2579, 1.43, 0.00,0.054218,0.046875
