Mutacao,MediaRes,NumMedGer,BestRes,ErroMed,ErroMenor,TempoMed,TempoMenor
  0, 7029,   4, 7029, 0.00, 0.00,0.025937,0.031250
  5, 7029,   3, 7029, 0.00, 0.00,0.027187,0.031250
 10, 7029,   4, 7029, 0.00, 0.00,0.026718,0.031250
 15, 7029,   5, 7029, 0.00, 0.00,0.028750,0.031250
 20, 7029,   7, 7029, 0.00, 0.00,0.028593,0.031250
 25, 7029,   9, 7029, 0.00, 0.00,0.030625,0.031250
 30, 7029,  11, 7029, 0.00, 0.00,0.032031,0.046875
 35, 7029,  15, 7029, 0.00, 0.00,0.032968,0.031250
 40, 7029,  23, 7029, 0.00, 0.00,0.036718,0.031250
