Mutacao,MediaRes,NumMedGer,BestRes,ErroMed,ErroMenor,TempoMed,TempoMenor
  0, 7537,  33, 7123, 5.81, 0.00,0.162968,0.171875
  5, 7305,  96, 7123, 2.56, 0.00,0.211718,0.359375
 10, 7254, 104, 7123, 1.84, 0.00,0.224687,0.187500
 15, 7262, 103, 7123, 1.95, 0.00,0.209843,0.203125
 20, 7287, 114, 7123, 2.30, 0.00,0.248125,0.156250
 25, 7351, 105, 7123, 3.20, 0.00,0.218593,0.140625
 30, 7438,  97, 7123, 4.42, 0.00,0.212187,0.296875
 35, 7488,  96, 7123, 5.12, 0.00,0.212031,0.250000
 40, 7623,  97, 7146, 7.02, 0.32,0.224687,0.296875
