Mutacao,MediaRes,NumMedGer,BestRes,ErroMed,ErroMenor,TempoMed,TempoMenor
  0, 1754,  51, 1633, 8.14, 0.68,0.958593,1.078125
  5, 1722, 103, 1626, 6.17, 0.25,1.250000,2.046875
 10, 1720, 109, 1622, 6.04, 0.00,1.338125,1.890625
 15, 1722, 119, 1626, 6.17, 0.25,1.351250,1.609375
 20, 1743,  94, 1625, 7.46, 0.18,1.211718,1.750000
 25, 1755,  95, 1626, 8.20, 0.25,1.229843,3.250000
 30, 1783,  68, 1657, 9.93, 2.16,1.070156,0.875000
 35, 1803,  52, 1674,11.16, 3.21,1.030312,0.875000
 40, 1819,  23, 1674,12.15, 3.21,0.830625,1.328125
