Mutacao,MediaRes,NumMedGer,BestRes,ErroMed,ErroMenor,TempoMed,TempoMenor
  0, 6146,  41, 5973, 6.70, 3.70,3.096406,4.343750
  5, 6103,  78, 5873, 5.95, 1.96,3.886093,7.062500
 10, 6109,  61, 5852, 6.06, 1.60,4.227031,11.953125
 15, 6165,  47, 5954, 7.03, 3.37,3.239687,5.656250
 20, 6174,  42, 5973, 7.19, 3.70,3.210625,2.437500
 25, 6194,  39, 5961, 7.53, 3.49,3.118906,8.468750
 30, 6254,  31, 5996, 8.58, 4.10,2.947812,3.609375
 35, 6233,  29, 5995, 8.21, 4.08,2.918593,4.062500
 40, 6295,  14, 6070, 9.29, 5.38,2.731406,2.656250
