Mutacao,MediaRes,NumMedGer,BestRes,ErroMed,ErroMenor,TempoMed,TempoMenor
  0, 2085,  13, 2085, 0.00, 0.00,0.039218,0.046875
  5, 2085,  11, 2085, 0.00, 0.00,0.039062,0.031250
 10, 2085,  14, 2085, 0.00, 0.00,0.039062,0.046875
 15, 2085,  13, 2085, 0.00, 0.00,0.040625,0.031250
 20, 2085,  18, 2085, 0.00, 0.00,0.042656,0.046875
 25, 2085,  31, 2085, 0.00, 0.00,0.047656,0.031250
 30, 2085,  29, 2085, 0.00, 0.00,0.059218,0.031250
 35, 2087,  40, 2085, 0.10, 0.00,0.062187,0.062500
 40, 2091,  49, 2085, 0.29, 0.00,0.062031,0.046875
