Mutacao,MediaRes,NumMedGer,BestRes,ErroMed,ErroMenor,TempoMed,TempoMenor
  0, 2119,   4, 2119, 1.63, 1.63,0.034687,0.031250
  5, 2119,   4, 2119, 1.63, 1.63,0.036250,0.031250
 10, 2118,   6, 2090, 1.58, 0.24,0.037812,0.046875
 15, 2117,   8, 2088, 1.53, 0.14,0.046562,0.078125
 20, 2116,  12, 2088, 1.49, 0.14,0.047812,0.046875
 25, 2116,  14, 2088, 1.49, 0.14,0.049062,0.062500
 30, 2113,  32, 2088, 1.34, 0.14,0.050781,0.062500
 35, 2116,  24, 2088, 1.49, 0.14,0.048593,0.078125
 40, 2118,  31, 2088, 1.58, 0.14,0.052031,0.078125
