Mutacao,MediaRes,NumMedGer,BestRes,ErroMed,ErroMenor,TempoMed,TempoMenor
  0, 6960,  37, 6895, 1.47, 0.52,0.045468,0.062500
  5, 6926,  76, 6859, 0.98, 0.00,0.056093,0.093750
 10, 6920,  71, 6859, 0.89, 0.00,0.054218,0.046875
 15, 6914,  80, 6859, 0.80, 0.00,0.056406,0.062500
 20, 6907,  92, 6859, 0.70, 0.00,0.061093,0.046875
 25, 6902,  92, 6859, 0.63, 0.00,0.061718,0.046875
 30, 6904, 104, 6859, 0.66, 0.00,0.066875,0.078125
 35, 6909, 115, 6859, 0.73, 0.00,0.069687,0.046875
 40, 6924, 103, 6859, 0.95, 0.00,0.068125,0.062500
