Mutacao,MediaRes,NumMedGer,BestRes,ErroMed,ErroMenor,TempoMed,TempoMenor
  0, 2190,  33, 2090, 5.04, 0.24,0.052812,0.046875
  5, 2162,  68, 2090, 3.69, 0.24,0.063906,0.093750
 10, 2149,  69, 2088, 3.07, 0.14,0.065312,0.062500
 15, 2137,  81, 2088, 2.49, 0.14,0.071875,0.062500
 20, 2132,  88, 2085, 2.25, 0.00,0.074843,0.125000
 25, 2139,  86, 2085, 2.59, 0.00,0.076250,0.078125
 30, 2131,  97, 2085, 2.21, 0.00,0.080937,0.109375
 35, 2137,  98, 2085, 2.49, 0.00,0.083906,0.078125
 40, 2145,  99, 2085, 2.88, 0.00,0.087343,0.078125
