Mutacao,MediaRes,NumMedGer,BestRes,ErroMed,ErroMenor,TempoMed,TempoMenor
  0, 3545,  48, 3483, 1.78, 0.00,0.128906,0.093750
  5, 3509,  65, 3483, 0.75, 0.00,0.143750,0.156250
 10, 3539,  57, 3483, 1.61, 0.00,0.141718,0.125000
 15, 3552,  61, 3483, 1.98, 0.00,0.144375,0.109375
 20, 3573,  51, 3483, 2.58, 0.00,0.137500,0.156250
 25, 3610,  67, 3483, 3.65, 0.00,0.155781,0.171875
 30, 3620,  61, 3483, 3.93, 0.00,0.157031,0.156250
 35, 3659,  54, 3483, 5.05, 0.00,0.154843,0.187500
 40, 3681,  33, 3483, 5.68, 0.00,0.135781,0.125000
