Mutacao,MediaRes,NumMedGer,BestRes,ErroMed,ErroMenor,TempoMed,TempoMenor
  0, 3671,  32, 3570, 2.83, 0.00,0.109687,0.156250
  5, 3625,  50, 3570, 1.54, 0.00,0.112187,0.140625
 10, 3616,  55, 3570, 1.29, 0.00,0.111250,0.156250
 15, 3604,  66, 3570, 0.95, 0.00,0.119062,0.125000
 20, 3613,  60, 3570, 1.20, 0.00,0.113281,0.156250
 25, 3601,  74, 3570, 0.87, 0.00,0.125312,0.140625
 30, 3596, 104, 3570, 0.73, 0.00,0.149218,0.125000
 35, 3599, 101, 3570, 0.81, 0.00,0.146718,0.187500
 40, 3597, 110, 3570, 0.76, 0.00,0.153906,0.156250
