Mutacao,MediaRes,NumMedGer,BestRes,ErroMed,ErroMenor,TempoMed,TempoMenor
  0,  970,  82,  955, 1.57, 0.00,0.380937,0.484375
  5,  964, 102,  955, 0.94, 0.00,0.400312,0.390625
 10,  959, 112,  955, 0.42, 0.00,0.432343,0.359375
 15,  964, 124,  955, 0.94, 0.00,0.447500,0.359375
 20,  971, 135,  955, 1.68, 0.00,0.478281,0.656250
 25,  974, 134,  955, 1.99, 0.00,0.484687,0.484375
 30,  980, 145,  955, 2.62, 0.00,0.505781,0.609375
 35, 1002, 145,  955, 4.92, 0.00,0.515312,0.578125
 40, 1034,  82,  955, 8.27, 0.00,0.399843,0.765625
