Mutacao,MediaRes,NumMedGer,BestRes,ErroMed,ErroMenor,TempoMed,TempoMenor
  0, 2885,  26, 2788, 6.58, 2.99,0.108750,0.140625
  5, 2878,  49, 2707, 6.32, 0.00,0.127343,0.171875
 10, 2884,  46, 2707, 6.54, 0.00,0.125781,0.234375
 15, 2878,  50, 2707, 6.32, 0.00,0.131250,0.171875
 20, 2893,  64, 2707, 6.87, 0.00,0.144687,0.140625
 25, 2898,  76, 2707, 7.06, 0.00,0.156093,0.234375
 30, 2915,  59, 2707, 7.68, 0.00,0.143906,0.171875
 35, 2949,  55, 2707, 8.94, 0.00,0.149062,0.296875
 40, 2981,  42, 2801,10.12, 3.47,0.131718,0.218750
