Mutacao,MediaRes,NumMedGer,BestRes,ErroMed,ErroMenor,TempoMed,TempoMenor
  0, 2787,  24, 2760, 0.98, 0.00,0.101718,0.093750
  5, 2784,  25, 2760, 0.87, 0.00,0.100937,0.109375
 10, 2786,  25, 2760, 0.94, 0.00,0.103906,0.109375
 15, 2801,  34, 2760, 1.49, 0.00,0.110000,0.093750
 20, 2808,  37, 2760, 1.74, 0.00,0.113750,0.078125
 25, 2809,  43, 2760, 1.78, 0.00,0.119062,0.093750
 30, 2815,  37, 2760, 1.99, 0.00,0.118281,0.078125
 35, 2854,  30, 2760, 3.41, 0.00,0.117343,0.109375
 40, 2855,  23, 2760, 3.44, 0.00,0.106875,0.109375
