Mutacao,MediaRes,NumMedGer,BestRes,ErroMed,ErroMenor,TempoMed,TempoMenor
  0, 7087,  14, 7087, 0.00, 0.00,0.109375,0.109375
  5, 7087,  20, 7087, 0.00, 0.00,0.116093,0.093750
 10, 7087,  32, 7087, 0.00, 0.00,0.128281,0.125000
 15, 7088,  34, 7087, 0.01, 0.00,0.131093,0.125000
 20, 7089,  36, 7087, 0.03, 0.00,0.135781,0.156250
 25, 7091,  55, 7087, 0.06, 0.00,0.154687,0.125000
 30, 7110,  56, 7087, 0.32, 0.00,0.156718,0.109375
 35, 7128,  59, 7087, 0.58, 0.00,0.163437,0.109375
 40, 7183,  57, 7087, 1.35, 0.00,0.168437,0.296875
