Mutacao,MediaRes,NumMedGer,BestRes,ErroMed,ErroMenor,TempoMed,TempoMenor
  0, 2125,  42, 2103, 1.77, 0.72,0.054062,0.046875
  5, 2136,  43, 2103, 2.30, 0.72,0.053437,0.187500
 10, 2140,  42, 2103, 2.49, 0.72,0.050937,0.062500
 15, 2142,  45, 2103, 2.59, 0.72,0.052500,0.062500
 20, 2139,  53, 2088, 2.44, 0.00,0.055625,0.078125
 25, 2142,  73, 2088, 2.59, 0.00,0.062812,0.062500
 30, 2144,  70, 2088, 2.68, 0.00,0.062656,0.078125
 35, 2144,  83, 2088, 2.68, 0.00,0.069531,0.062500
 40, 2153,  86, 2088, 3.11, 0.00,0.070625,0.093750
