Mutacao,MediaRes,NumMedGer,BestRes,ErroMed,ErroMenor,TempoMed,TempoMenor
  0, 2828,  55, 2817, 4.47, 4.06,0.132500,0.140625
  5, 2815,  59, 2707, 3.99, 0.00,0.137812,0.203125
 10, 2830,  65, 2707, 4.54, 0.00,0.144843,0.203125
 15, 2830,  70, 2707, 4.54, 0.00,0.152187,0.281250
 20, 2839,  62, 2707, 4.88, 0.00,0.146718,0.234375
 25, 2851,  58, 2707, 5.32, 0.00,0.144375,0.171875
 30, 2879,  57, 2707, 6.35, 0.00,0.144843,0.125000
 35, 2914,  39, 2707, 7.65, 0.00,0.141406,0.250000
 40, 2925,  32, 2817, 8.05, 4.06,0.131406,0.203125
