Mutacao,MediaRes,NumMedGer,BestRes,ErroMed,ErroMenor,TempoMed,TempoMenor
  0, 3356,  38, 3323, 0.99, 0.00,0.026250,0.031250
  5, 3328,  59, 3323, 0.15, 0.00,0.032343,0.046875
 10, 3326,  55, 3323, 0.09, 0.00,0.029375,0.031250
 15, 3324,  52, 3323, 0.03, 0.00,0.027812,0.015625
 20, 3324,  58, 3323, 0.03, 0.00,0.029687,0.031250
 25, 3324,  62, 3323, 0.03, 0.00,0.031093,0.015625
 30, 3326,  68, 3323, 0.09, 0.00,0.031406,0.031250
 35, 3328,  78, 3323, 0.15, 0.00,0.034843,0.046875
 40, 3330,  88, 3323, 0.21, 0.00,0.043281,0.046875
