Mutacao,MediaRes,NumMedGer,BestRes,ErroMed,ErroMenor,TempoMed,TempoMenor
  0, 8214,  35, 8118, 1.18, 0.00,0.034531,0.031250
  5, 8207,  42, 8118, 1.10, 0.00,0.037968,0.031250
 10, 8204,  45, 8118, 1.06, 0.00,0.039687,0.046875
 15, 8188,  48, 8118, 0.86, 0.00,0.040468,0.078125
 20, 8175,  48, 8118, 0.70, 0.00,0.042968,0.062500
 25, 8180,  51, 8118, 0.76, 0.00,0.044531,0.031250
 30, 8163,  57, 8118, 0.55, 0.00,0.047343,0.046875
 35, 8159,  56, 8118, 0.51, 0.00,0.047656,0.046875
 40, 8154,  69, 8118, 0.44, 0.00,0.053437,0.093750
