Mutacao,MediaRes,NumMedGer,BestRes,ErroMed,ErroMenor,TempoMed,TempoMenor
  0, 2216,  33, 2165, 2.36, 0.00,0.048906,0.031250
  5, 2187,  53, 2165, 1.02, 0.00,0.055781,0.078125
 10, 2192,  46, 2165, 1.25, 0.00,0.053125,0.062500
 15, 2193,  50, 2165, 1.29, 0.00,0.054531,0.062500
 20, 2203,  50, 2165, 1.76, 0.00,0.054843,0.062500
 25, 2211,  54, 2165, 2.12, 0.00,0.056718,0.046875
 30, 2205,  60, 2165, 1.85, 0.00,0.059062,0.031250
 35, 2219,  56, 2165, 2.49, 0.00,0.059218,0.093750
 40, 2230,  59, 2165, 3.00, 0.00,0.059218,0.046875
