Mutacao,MediaRes,NumMedGer,BestRes,ErroMed,ErroMenor,TempoMed,TempoMenor
  0, 5627,  69, 5364, 6.31, 1.34,3.747968,4.171875
  5, 5576, 105, 5364, 5.35, 1.34,4.487656,9.359375
 10, 5613,  79, 5382, 6.05, 1.68,3.992656,6.984375
 15, 5663,  70, 5390, 6.99, 1.83,3.780781,3.421875
 20, 5702,  58, 5427, 7.73, 2.53,3.575625,3.750000
 25, 5725,  59, 5431, 8.16, 2.61,3.622031,5.921875
 30, 5760,  54, 5486, 8.82, 3.65,3.511875,4.906250
 35, 5782,  39, 5555, 9.24, 4.95,3.200781,2.671875
 40, 5830,  17, 5555,10.15, 4.95,2.715312,3.109375
