Mutacao,MediaRes,NumMedGer,BestRes,ErroMed,ErroMenor,TempoMed,TempoMenor
  0, 7141,  43, 7013, 1.83, 0.00,0.138125,0.171875
  5, 7075,  80, 7013, 0.88, 0.00,0.172031,0.140625
 10, 7077,  79, 7013, 0.91, 0.00,0.171718,0.125000
 15, 7069,  95, 7013, 0.80, 0.00,0.188593,0.234375
 20, 7092, 116, 7013, 1.13, 0.00,0.209218,0.265625
 25, 7123, 110, 7013, 1.57, 0.00,0.205625,0.156250
 30, 7142, 114, 7013, 1.84, 0.00,0.212187,0.140625
 35, 7194, 118, 7013, 2.58, 0.00,0.216875,0.125000
 40, 7246, 120, 7047, 3.32, 0.48,0.223593,0.359375
