Mutacao,MediaRes,NumMedGer,BestRes,ErroMed,ErroMenor,TempoMed,TempoMenor
  0, 1821,  35, 1735,10.03, 4.83,0.432656,0.640625
  5, 1764, 135, 1667, 6.59, 0.73,0.736562,1.015625
 10, 1771, 136, 1667, 7.01, 0.73,0.709843,1.000000
 15, 1775, 143, 1694, 7.25, 2.36,0.730937,1.078125
 20, 1793, 115, 1702, 8.34, 2.84,0.657812,1.406250
 25, 1816, 107, 1720, 9.73, 3.93,0.637031,0.843750
 30, 1838,  72, 1704,11.06, 2.96,0.537812,0.875000
 35, 1859,  54, 1718,12.33, 3.81,0.494843,0.625000
 40, 1892,  25, 1798,14.32, 8.64,0.399531,0.656250
