Mutacao,MediaRes,NumMedGer,BestRes,ErroMed,ErroMenor,TempoMed,TempoMenor
  0, 4106,  20, 3940, 5.50, 1.23,0.089687,0.125000
  5, 4069,  32, 3892, 4.55, 0.00,0.096562,0.171875
 10, 4033,  49, 3892, 3.62, 0.00,0.109218,0.156250
 15, 4017,  67, 3892, 3.21, 0.00,0.123125,0.203125
 20, 4014,  73, 3892, 3.13, 0.00,0.128593,0.187500
 25, 3999,  84, 3892, 2.75, 0.00,0.137500,0.171875
 30, 3991,  98, 3892, 2.54, 0.00,0.148593,0.156250
 35, 4016, 106, 3892, 3.19, 0.00,0.155937,0.187500
 40, 4018, 110, 3892, 3.24, 0.00,0.173750,0.187500
