Mutacao,MediaRes,NumMedGer,BestRes,ErroMed,ErroMenor,TempoMed,TempoMenor
  0, 1908,  57, 1856, 4.43, 1.59,0.437812,0.531250
  5, 1870, 113, 1827, 2.35, 0.00,0.582968,0.859375
 10, 1868, 122, 1827, 2.24, 0.00,0.602968,1.078125
 15, 1868, 140, 1827, 2.24, 0.00,0.657812,0.781250
 20, 1880, 117, 1827, 2.90, 0.00,0.606875,0.578125
 25, 1896, 106, 1827, 3.78, 0.00,0.580781,0.875000
 30, 1920,  91, 1834, 5.09, 0.38,0.559218,0.609375
 35, 1945,  66, 1844, 6.46, 0.93,0.513125,0.437500
 40, 1963,  52, 1852, 7.44, 1.37,0.447187,0.953125
