Mutacao,MediaRes,NumMedGer,BestRes,ErroMed,ErroMenor,TempoMed,TempoMenor
  0, 3329,  28, 3323, 0.18, 0.00,0.024531,0.031250
  5, 3323,  25, 3323, 0.00, 0.00,0.022500,0.015625
 10, 3323,  27, 3323, 0.00, 0.00,0.023125,0.015625
 15, 3324,  26, 3323, 0.03, 0.00,0.022656,0.031250
 20, 3323,  30, 3323, 0.00, 0.00,0.025000,0.031250
 25, 3326,  37, 3323, 0.09, 0.00,0.025468,0.031250
 30, 3331,  38, 3323, 0.24, 0.00,0.026718,0.015625
 35, 3329,  51, 3323, 0.18, 0.00,0.028750,0.031250
 40, 3332,  54, 3323, 0.27, 0.00,0.030625,0.031250
