Mutacao,MediaRes,NumMedGer,BestRes,ErroMed,ErroMenor,TempoMed,TempoMenor
  0, 6935,  18, 6895, 1.11, 0.52,0.037968,0.062500
  5, 6911,  57, 6859, 0.76, 0.00,0.049687,0.062500
 10, 6903,  67, 6859, 0.64, 0.00,0.052031,0.062500
 15, 6903,  54, 6859, 0.64, 0.00,0.048593,0.046875
 20, 6899,  77, 6859, 0.58, 0.00,0.055312,0.078125
 25, 6899,  71, 6859, 0.58, 0.00,0.054218,0.062500
 30, 6894, 100, 6859, 0.51, 0.00,0.062968,0.078125
 35, 6905,  85, 6859, 0.67, 0.00,0.058750,0.062500
 40, 6918,  81, 6859, 0.86, 0.00,0.058906,0.093750
