Mutacao,MediaRes,NumMedGer,BestRes,ErroMed,ErroMenor,TempoMed,TempoMenor
  0, 7743,  74, 7449, 3.95, 0.00,0.168125,0.140625
  5, 7625,  87, 7449, 2.36, 0.00,0.213281,0.218750
 10, 7611,  91, 7449, 2.17, 0.00,0.210781,0.250000
 15, 7597, 102, 7449, 1.99, 0.00,0.208906,0.171875
 20, 7604, 111, 7449, 2.08, 0.00,0.215937,0.390625
 25, 7604, 127, 7449, 2.08, 0.00,0.240468,0.453125
 30, 7642, 118, 7449, 2.59, 0.00,0.229687,0.265625
 35, 7682, 132, 7449, 3.13, 0.00,0.240937,0.218750
 40, 7735, 135, 7452, 3.84, 0.04,0.253906,0.250000
