Mutacao,MediaRes,NumMedGer,BestRes,ErroMed,ErroMenor,TempoMed,TempoMenor
  0, 1952,  92, 1841, 6.03, 0.00,0.516250,0.453125
  5, 1900, 145, 1841, 3.20, 0.00,0.652187,0.593750
 10, 1882, 170, 1841, 2.23, 0.00,0.730000,0.906250
 15, 1894, 182, 1841, 2.88, 0.00,0.752031,0.859375
 20, 1888, 206, 1841, 2.55, 0.00,0.821250,1.171875
 25, 1902, 204, 1841, 3.31, 0.00,0.818906,0.890625
 30, 1933, 170, 1841, 5.00, 0.00,0.745468,0.859375
 35, 1978, 107, 1841, 7.44, 0.00,0.583281,1.000000
 40, 2017,  63, 1885, 9.56, 2.39,0.469062,0.968750
