Mutacao,MediaRes,NumMedGer,BestRes,ErroMed,ErroMenor,TempoMed,TempoMenor
  0, 1914,  53, 1899, 0.79, 0.00,0.411250,0.484375
  5, 1916,  61, 1899, 0.90, 0.00,0.430468,0.421875
 10, 1912,  68, 1899, 0.68, 0.00,0.453125,0.875000
 15, 1915,  81, 1899, 0.84, 0.00,0.489843,0.437500
 20, 1922,  78, 1899, 1.21, 0.00,0.495625,0.593750
 25, 1929,  81, 1899, 1.58, 0.00,0.510625,0.500000
 30, 1935,  95, 1899, 1.90, 0.00,0.550000,0.671875
 35, 1954,  71, 1899, 2.90, 0.00,0.513593,0.687500
 40, 1969,  39, 1901, 3.69, 0.11,0.434218,0.593750
