Mutacao,MediaRes,NumMedGer,BestRes,ErroMed,ErroMenor,TempoMed,TempoMenor
  0, 3416,   6, 3416, 0.00, 0.00,0.017187,0.015625
  5, 3416,   8, 3416, 0.00, 0.00,0.019687,0.015625
 10, 3416,  11, 3416, 0.00, 0.00,0.018750,0.015625
 15, 3416,  10, 3416, 0.00, 0.00,0.018750,0.015625
 20, 3418,  14, 3416, 0.06, 0.00,0.021562,0.031250
 25, 3416,  16, 3416, 0.00, 0.00,0.020312,0.031250
 30, 3417,  23, 3416, 0.03, 0.00,0.022656,0.015625
 35, 3418,  31, 3416, 0.06, 0.00,0.023750,0.015625
 40, 3423,  34, 3416, 0.20, 0.00,0.025156,0.015625
