Mutacao,MediaRes,NumMedGer,BestRes,ErroMed,ErroMenor,TempoMed,TempoMenor
  0, 2167,  17, 2138, 1.36, 0.00,0.037656,0.062500
  5, 2149,  46, 2138, 0.51, 0.00,0.045781,0.031250
 10, 2143,  43, 2138, 0.23, 0.00,0.046406,0.062500
 15, 2141,  41, 2138, 0.14, 0.00,0.046250,0.046875
 20, 2141,  47, 2138, 0.14, 0.00,0.048750,0.046875
 25, 2141,  54, 2138, 0.14, 0.00,0.050781,0.046875
 30, 2141,  54, 2138, 0.14, 0.00,0.051718,0.046875
 35, 2145,  61, 2138, 0.33, 0.00,0.054062,0.046875
 40, 2148,  67, 2138, 0.47, 0.00,0.057656,0.062500
