Mutacao,MediaRes,NumMedGer,BestRes,ErroMed,ErroMenor,TempoMed,TempoMenor
  0, 6909,   5, 6909, 0.00, 0.00,0.026093,0.031250
  5, 6909,   7, 6909, 0.00, 0.00,0.028281,0.031250
 10, 6910,   7, 6909, 0.01, 0.00,0.027343,0.015625
 15, 6909,  12, 6909, 0.00, 0.00,0.030937,0.031250
 20, 6909,   9, 6909, 0.00, 0.00,0.030312,0.031250
 25, 6910,  14, 6909, 0.01, 0.00,0.032812,0.062500
 30, 6909,  18, 6909, 0.00, 0.00,0.036562,0.031250
 35, 6909,  24, 6909, 0.00, 0.00,0.040000,0.031250
 40, 6911,  32, 6909, 0.03, 0.00,0.044687,0.031250
