Mutacao,MediaRes,NumMedGer,BestRes,ErroMed,ErroMenor,TempoMed,TempoMenor
  0, 7332,  33, 7301, 0.42, 0.00,0.039531,0.046875
  5, 7327,  41, 7301, 0.36, 0.00,0.042031,0.062500
 10, 7324,  50, 7301, 0.32, 0.00,0.044062,0.046875
 15, 7319,  50, 7301, 0.25, 0.00,0.045000,0.046875
 20, 7314,  52, 7301, 0.18, 0.00,0.045781,0.046875
 25, 7314,  64, 7301, 0.18, 0.00,0.050000,0.031250
 30, 7313,  67, 7301, 0.16, 0.00,0.052187,0.062500
 35, 7311,  81, 7301, 0.14, 0.00,0.057656,0.046875
 40, 7316,  90, 7301, 0.21, 0.00,0.061093,0.046875
