Mutacao,MediaRes,NumMedGer,BestRes,ErroMed,ErroMenor,TempoMed,TempoMenor
  0, 3477,   6, 3455, 3.14, 2.49,0.019687,0.031250
  5, 3447,  24, 3371, 2.25, 0.00,0.025625,0.015625
 10, 3419,  47, 3371, 1.42, 0.00,0.028750,0.015625
 15, 3404,  51, 3371, 0.98, 0.00,0.030312,0.031250
 20, 3389,  54, 3371, 0.53, 0.00,0.030937,0.046875
 25, 3383,  67, 3371, 0.36, 0.00,0.032656,0.031250
 30, 3386,  70, 3371, 0.44, 0.00,0.034375,0.015625
 35, 3382,  74, 3371, 0.33, 0.00,0.035468,0.031250
 40, 3395,  75, 3371, 0.71, 0.00,0.035156,0.046875
