Mutacao,MediaRes,NumMedGer,BestRes,ErroMed,ErroMenor,TempoMed,TempoMenor
  0, 1062,  16, 1048, 1.34, 0.00,0.435156,0.531250
  5, 1061,  27, 1048, 1.24, 0.00,0.515625,0.859375
 10, 1060,  38, 1048, 1.15, 0.00,0.544062,0.734375
 15, 1061,  35, 1048, 1.24, 0.00,0.551093,1.062500
 20, 1062,  37, 1048, 1.34, 0.00,0.570000,1.093750
 25, 1065,  20, 1048, 1.62, 0.00,0.536250,0.984375
 30, 1066,  19, 1048, 1.72, 0.00,0.606406,0.906250
 35, 1069,  17, 1060, 2.00, 1.15,0.547812,0.781250
 40, 1072,   9, 1060, 2.29, 1.15,0.503125,0.421875
