Mutacao,MediaRes,NumMedGer,BestRes,ErroMed,ErroMenor,TempoMed,TempoMenor
  0, 3257,  39, 3016,10.56, 2.38,0.132812,0.203125
  5, 3075, 131, 2946, 4.38, 0.00,0.210312,0.359375
 10, 3018, 145, 2946, 2.44, 0.00,0.221406,0.281250
 15, 3010, 166, 2946, 2.17, 0.00,0.241562,0.281250
 20, 3005, 171, 2946, 2.00, 0.00,0.247656,0.125000
 25, 3049, 143, 2946, 3.50, 0.00,0.228437,0.203125
 30, 3085, 154, 2946, 4.72, 0.00,0.241250,0.406250
 35, 3132, 110, 2946, 6.31, 0.00,0.206093,0.312500
 40, 3224,  72, 2946, 9.44, 0.00,0.173125,0.406250
