Mutacao,MediaRes,NumMedGer,BestRes,ErroMed,ErroMenor,TempoMed,TempoMenor
  0, 8479,  47, 8347, 2.28, 0.69,0.155312,0.203125
  5, 8432,  79, 8304, 1.71, 0.17,0.191562,0.359375
 10, 8406,  86, 8290, 1.40, 0.00,0.206562,0.171875
 15, 8403,  89, 8290, 1.36, 0.00,0.223750,0.359375
 20, 8422,  92, 8290, 1.59, 0.00,0.233750,0.421875
 25, 8445,  87, 8290, 1.87, 0.00,0.218593,0.453125
 30, 8473,  74, 8290, 2.21, 0.00,0.210781,0.281250
 35, 8511,  72, 8293, 2.67, 0.04,0.223437,0.312500
 40, 8565,  48, 8304, 3.32, 0.17,0.192187,0.218750
