Mutacao,MediaRes,NumMedGer,BestRes,ErroMed,ErroMenor,TempoMed,TempoMenor
  0, 4151,  42, 4041, 2.72, 0.00,0.116718,0.093750
  5, 4087,  51, 4041, 1.14, 0.00,0.124062,0.109375
 10, 4075,  53, 4041, 0.84, 0.00,0.127656,0.140625
 15, 4066,  64, 4041, 0.62, 0.00,0.136562,0.187500
 20, 4065,  70, 4041, 0.59, 0.00,0.146406,0.156250
 25, 4074,  80, 4041, 0.82, 0.00,0.152968,0.171875
 30, 4091,  88, 4041, 1.24, 0.00,0.167031,0.156250
 35, 4110,  93, 4041, 1.71, 0.00,0.176875,0.171875
 40, 4145,  93, 4041, 2.57, 0.00,0.183750,0.140625
