Mutacao,MediaRes,NumMedGer,BestRes,ErroMed,ErroMenor,TempoMed,TempoMenor
  0, 7156,  45, 7013, 2.04, 0.00,0.140937,0.140625
  5, 7123,  58, 7013, 1.57, 0.00,0.155781,0.375000
 10, 7122,  72, 7013, 1.55, 0.00,0.169218,0.203125
 15, 7121,  86, 7013, 1.54, 0.00,0.184375,0.218750
 20, 7128,  91, 7013, 1.64, 0.00,0.191406,0.250000
 25, 7141,  88, 7013, 1.83, 0.00,0.192656,0.421875
 30, 7182,  84, 7013, 2.41, 0.00,0.191718,0.312500
 35, 7236,  80, 7013, 3.18, 0.00,0.189218,0.218750
 40, 7312,  68, 7013, 4.26, 0.00,0.185781,0.171875
